{"pages":["Robotosheet0.png"],"chars":[{"id":40,"width":22,"height":56,"xoffset":-2.1,"yoffset":-7.4,"xadvance":15.4,"chnl":15,"x":0,"y":0,"page":0},{"id":41,"width":22,"height":56,"xoffset":-4.2,"yoffset":-7.4,"xadvance":15.6,"chnl":15,"x":0,"y":58,"page":0},{"id":93,"width":18,"height":53,"xoffset":-4.8,"yoffset":-7.8,"xadvance":11.9,"chnl":15,"x":0,"y":116,"page":0},{"id":91,"width":18,"height":53,"xoffset":-1.8,"yoffset":-7.8,"xadvance":11.9,"chnl":15,"x":0,"y":171,"page":0},{"id":125,"width":23,"height":53,"xoffset":-4.6,"yoffset":-6.3,"xadvance":15.2,"chnl":15,"x":20,"y":116,"page":0},{"id":123,"width":23,"height":53,"xoffset":-3.6,"yoffset":-6.3,"xadvance":15.2,"chnl":15,"x":20,"y":171,"page":0},{"id":36,"width":30,"height":52,"xoffset":-2.6,"yoffset":-8.4,"xadvance":25.3,"chnl":15,"x":24,"y":0,"page":0},{"id":106,"width":19,"height":52,"xoffset":-6.4,"yoffset":-3.7,"xadvance":10.7,"chnl":15,"x":24,"y":54,"page":0},{"id":64,"width":46,"height":51,"xoffset":-2.4,"yoffset":-2.7,"xadvance":40.4,"chnl":15,"x":45,"y":54,"page":0},{"id":124,"width":13,"height":48,"xoffset":-1.2,"yoffset":-3.2,"xadvance":11,"chnl":15,"x":56,"y":0,"page":0},{"id":81,"width":36,"height":48,"xoffset":-2.6,"yoffset":-3.7,"xadvance":30.9,"chnl":15,"x":71,"y":0,"page":0},{"id":87,"width":48,"height":42,"xoffset":-3.7,"yoffset":-3.2,"xadvance":39.9,"chnl":15,"x":45,"y":107,"page":0},{"id":47,"width":27,"height":45,"xoffset":-4.6,"yoffset":-3.2,"xadvance":18.5,"chnl":15,"x":93,"y":50,"page":0},{"id":108,"width":14,"height":44,"xoffset":-1.6,"yoffset":-5,"xadvance":10.9,"chnl":15,"x":109,"y":0,"page":0},{"id":98,"width":30,"height":44,"xoffset":-1.9,"yoffset":-5,"xadvance":25.2,"chnl":15,"x":45,"y":151,"page":0},{"id":107,"width":30,"height":44,"xoffset":-1.9,"yoffset":-5,"xadvance":22.8,"chnl":15,"x":45,"y":197,"page":0},{"id":100,"width":30,"height":44,"xoffset":-2.9,"yoffset":-5,"xadvance":25.4,"chnl":15,"x":77,"y":151,"page":0},{"id":104,"width":29,"height":44,"xoffset":-1.9,"yoffset":-5,"xadvance":24.8,"chnl":15,"x":95,"y":97,"page":0},{"id":102,"width":24,"height":44,"xoffset":-3.7,"yoffset":-5.5,"xadvance":15.6,"chnl":15,"x":122,"y":46,"page":0},{"id":103,"width":30,"height":44,"xoffset":-2.9,"yoffset":4.5,"xadvance":25.2,"chnl":15,"x":125,"y":0,"page":0},{"id":113,"width":30,"height":43,"xoffset":-2.9,"yoffset":4.5,"xadvance":25.6,"chnl":15,"x":77,"y":197,"page":0},{"id":51,"width":30,"height":43,"xoffset":-2.9,"yoffset":-3.7,"xadvance":25.3,"chnl":15,"x":109,"y":143,"page":0},{"id":71,"width":35,"height":43,"xoffset":-2.3,"yoffset":-3.7,"xadvance":30.7,"chnl":15,"x":126,"y":92,"page":0},{"id":121,"width":30,"height":43,"xoffset":-4.5,"yoffset":5,"xadvance":21.3,"chnl":15,"x":148,"y":46,"page":0},{"id":112,"width":30,"height":43,"xoffset":-1.9,"yoffset":4.5,"xadvance":25.2,"chnl":15,"x":157,"y":0,"page":0},{"id":109,"width":43,"height":34,"xoffset":-1.9,"yoffset":4.5,"xadvance":39.4,"chnl":15,"x":109,"y":188,"page":0},{"id":67,"width":35,"height":43,"xoffset":-2.4,"yoffset":-3.7,"xadvance":29.3,"chnl":15,"x":141,"y":137,"page":0},{"id":79,"width":36,"height":43,"xoffset":-2.4,"yoffset":-3.7,"xadvance":30.9,"chnl":15,"x":163,"y":91,"page":0},{"id":38,"width":36,"height":43,"xoffset":-2.8,"yoffset":-3.7,"xadvance":28,"chnl":15,"x":180,"y":45,"page":0},{"id":37,"width":39,"height":43,"xoffset":-2.7,"yoffset":-3.7,"xadvance":33,"chnl":15,"x":189,"y":0,"page":0},{"id":63,"width":28,"height":43,"xoffset":-3.4,"yoffset":-3.7,"xadvance":21.2,"chnl":15,"x":154,"y":182,"page":0},{"id":83,"width":33,"height":43,"xoffset":-3.2,"yoffset":-3.7,"xadvance":26.7,"chnl":15,"x":178,"y":136,"page":0},{"id":48,"width":30,"height":43,"xoffset":-2.5,"yoffset":-3.7,"xadvance":25.3,"chnl":15,"x":201,"y":90,"page":0},{"id":56,"width":30,"height":43,"xoffset":-2.5,"yoffset":-3.7,"xadvance":25.3,"chnl":15,"x":218,"y":45,"page":0},{"id":85,"width":33,"height":42,"xoffset":-1.9,"yoffset":-3.2,"xadvance":29.2,"chnl":15,"x":230,"y":0,"page":0},{"id":105,"width":15,"height":42,"xoffset":-1.9,"yoffset":-3.7,"xadvance":10.9,"chnl":15,"x":184,"y":181,"page":0},{"id":68,"width":33,"height":42,"xoffset":-1.3,"yoffset":-3.2,"xadvance":29.5,"chnl":15,"x":201,"y":181,"page":0},{"id":69,"width":30,"height":42,"xoffset":-1.3,"yoffset":-3.2,"xadvance":25.6,"chnl":15,"x":213,"y":135,"page":0},{"id":90,"width":33,"height":42,"xoffset":-3.1,"yoffset":-3.2,"xadvance":26.9,"chnl":15,"x":233,"y":90,"page":0},{"id":70,"width":30,"height":42,"xoffset":-1.3,"yoffset":-3.2,"xadvance":24.9,"chnl":15,"x":250,"y":44,"page":0},{"id":72,"width":35,"height":42,"xoffset":-1.3,"yoffset":-3.2,"xadvance":32.1,"chnl":15,"x":265,"y":0,"page":0},{"id":89,"width":36,"height":42,"xoffset":-4.7,"yoffset":-3.2,"xadvance":27,"chnl":15,"x":236,"y":179,"page":0},{"id":66,"width":32,"height":42,"xoffset":-1.3,"yoffset":-3.2,"xadvance":28,"chnl":15,"x":245,"y":134,"page":0},{"id":73,"width":14,"height":42,"xoffset":-1,"yoffset":-3.2,"xadvance":12.2,"chnl":15,"x":268,"y":88,"page":0},{"id":74,"width":30,"height":42,"xoffset":-3.8,"yoffset":-3.2,"xadvance":24.8,"chnl":15,"x":282,"y":44,"page":0},{"id":65,"width":38,"height":42,"xoffset":-4.4,"yoffset":-3.2,"xadvance":29.4,"chnl":15,"x":302,"y":0,"page":0},{"id":75,"width":35,"height":42,"xoffset":-1.3,"yoffset":-3.2,"xadvance":28.2,"chnl":15,"x":274,"y":178,"page":0},{"id":76,"width":29,"height":42,"xoffset":-1.3,"yoffset":-3.2,"xadvance":24.2,"chnl":15,"x":279,"y":132,"page":0},{"id":119,"width":42,"height":34,"xoffset":-4.1,"yoffset":5,"xadvance":33.8,"chnl":15,"x":274,"y":222,"page":0},{"id":77,"width":42,"height":42,"xoffset":-1.3,"yoffset":-3.2,"xadvance":39.3,"chnl":15,"x":284,"y":88,"page":0},{"id":88,"width":36,"height":42,"xoffset":-3.7,"yoffset":-3.2,"xadvance":28.2,"chnl":15,"x":314,"y":44,"page":0},{"id":78,"width":35,"height":42,"xoffset":-1.3,"yoffset":-3.2,"xadvance":32.1,"chnl":15,"x":342,"y":0,"page":0},{"id":49,"width":22,"height":42,"xoffset":-1.3,"yoffset":-3.4,"xadvance":25.3,"chnl":15,"x":310,"y":132,"page":0},{"id":50,"width":32,"height":42,"xoffset":-3,"yoffset":-3.7,"xadvance":25.3,"chnl":15,"x":328,"y":88,"page":0},{"id":86,"width":37,"height":42,"xoffset":-4.4,"yoffset":-3.2,"xadvance":28.6,"chnl":15,"x":352,"y":44,"page":0},{"id":52,"width":33,"height":42,"xoffset":-3.8,"yoffset":-3.2,"xadvance":25.3,"chnl":15,"x":379,"y":0,"page":0},{"id":53,"width":30,"height":42,"xoffset":-1.6,"yoffset":-3.2,"xadvance":25.3,"chnl":15,"x":311,"y":176,"page":0},{"id":54,"width":30,"height":42,"xoffset":-2.1,"yoffset":-3.3,"xadvance":25.3,"chnl":15,"x":334,"y":132,"page":0},{"id":55,"width":32,"height":42,"xoffset":-3.3,"yoffset":-3.2,"xadvance":25.3,"chnl":15,"x":362,"y":88,"page":0},{"id":35,"width":35,"height":42,"xoffset":-2.4,"yoffset":-3.2,"xadvance":27.7,"chnl":15,"x":391,"y":44,"page":0},{"id":57,"width":30,"height":42,"xoffset":-2.8,"yoffset":-3.7,"xadvance":25.3,"chnl":15,"x":414,"y":0,"page":0},{"id":84,"width":35,"height":42,"xoffset":-3.9,"yoffset":-3.2,"xadvance":26.9,"chnl":15,"x":343,"y":176,"page":0},{"id":33,"width":15,"height":42,"xoffset":-1.5,"yoffset":-3.2,"xadvance":11.6,"chnl":15,"x":366,"y":132,"page":0},{"id":80,"width":33,"height":42,"xoffset":-1.3,"yoffset":-3.2,"xadvance":28.4,"chnl":15,"x":380,"y":176,"page":0},{"id":82,"width":33,"height":42,"xoffset":-1.3,"yoffset":-3.2,"xadvance":27.7,"chnl":15,"x":383,"y":132,"page":0},{"id":116,"width":23,"height":40,"xoffset":-4.8,"yoffset":-0.8,"xadvance":14.7,"chnl":15,"x":396,"y":88,"page":0},{"id":59,"width":17,"height":40,"xoffset":-4.1,"yoffset":4.8,"xadvance":9.5,"chnl":15,"x":415,"y":176,"page":0},{"id":101,"width":30,"height":35,"xoffset":-3,"yoffset":4.5,"xadvance":23.8,"chnl":15,"x":415,"y":218,"page":0},{"id":126,"width":35,"height":19,"xoffset":-2.1,"yoffset":11.1,"xadvance":30.6,"chnl":15,"x":236,"y":223,"page":0},{"id":99,"width":30,"height":35,"xoffset":-3,"yoffset":4.5,"xadvance":23.6,"chnl":15,"x":318,"y":220,"page":0},{"id":97,"width":30,"height":35,"xoffset":-2.6,"yoffset":4.5,"xadvance":24.5,"chnl":15,"x":350,"y":220,"page":0},{"id":111,"width":32,"height":35,"xoffset":-3,"yoffset":4.5,"xadvance":25.7,"chnl":15,"x":418,"y":130,"page":0},{"id":115,"width":29,"height":35,"xoffset":-2.9,"yoffset":4.5,"xadvance":23.2,"chnl":15,"x":382,"y":220,"page":0},{"id":118,"width":30,"height":34,"xoffset":-4.3,"yoffset":5,"xadvance":21.8,"chnl":15,"x":421,"y":88,"page":0},{"id":58,"width":15,"height":34,"xoffset":-2.1,"yoffset":4.8,"xadvance":10.9,"chnl":15,"x":428,"y":44,"page":0},{"id":114,"width":21,"height":34,"xoffset":-1.9,"yoffset":4.5,"xadvance":15.2,"chnl":15,"x":445,"y":44,"page":0},{"id":122,"width":29,"height":34,"xoffset":-3.1,"yoffset":5,"xadvance":22.3,"chnl":15,"x":446,"y":0,"page":0},{"id":110,"width":29,"height":34,"xoffset":-1.9,"yoffset":4.5,"xadvance":24.8,"chnl":15,"x":434,"y":167,"page":0},{"id":117,"width":29,"height":34,"xoffset":-2,"yoffset":5,"xadvance":24.8,"chnl":15,"x":452,"y":124,"page":0},{"id":120,"width":30,"height":34,"xoffset":-4.1,"yoffset":5,"xadvance":22.3,"chnl":15,"x":453,"y":80,"page":0},{"id":43,"width":32,"height":33,"xoffset":-3.3,"yoffset":2.3,"xadvance":25.5,"chnl":15,"x":468,"y":36,"page":0},{"id":62,"width":29,"height":30,"xoffset":-2.1,"yoffset":4.6,"xadvance":23.5,"chnl":15,"x":477,"y":0,"page":0},{"id":60,"width":28,"height":30,"xoffset":-3.4,"yoffset":4.6,"xadvance":22.9,"chnl":15,"x":0,"y":226,"page":0},{"id":95,"width":30,"height":13,"xoffset":-4.9,"yoffset":28.8,"xadvance":20.3,"chnl":15,"x":434,"y":203,"page":0},{"id":42,"width":28,"height":29,"xoffset":-4.4,"yoffset":-3.2,"xadvance":19.4,"chnl":15,"x":109,"y":224,"page":0},{"id":61,"width":28,"height":23,"xoffset":-1.7,"yoffset":7.3,"xadvance":24.7,"chnl":15,"x":184,"y":225,"page":0},{"id":94,"width":26,"height":26,"xoffset":-3.6,"yoffset":-3.2,"xadvance":18.8,"chnl":15,"x":139,"y":227,"page":0},{"id":45,"width":21,"height":13,"xoffset":-4.2,"yoffset":13.5,"xadvance":12.4,"chnl":15,"x":77,"y":242,"page":0},{"id":44,"width":16,"height":21,"xoffset":-4.4,"yoffset":23.9,"xadvance":8.8,"chnl":15,"x":214,"y":225,"page":0},{"id":39,"width":13,"height":21,"xoffset":-2.7,"yoffset":-5,"xadvance":7.8,"chnl":15,"x":30,"y":226,"page":0},{"id":96,"width":19,"height":16,"xoffset":-3.7,"yoffset":-5,"xadvance":13.9,"chnl":15,"x":465,"y":160,"page":0},{"id":46,"width":15,"height":15,"xoffset":-1.8,"yoffset":24.2,"xadvance":11.8,"chnl":15,"x":167,"y":227,"page":0},{"id":32,"width":0,"height":0,"xoffset":-5,"yoffset":28.8,"xadvance":11.1,"chnl":15,"x":311,"y":220,"page":0}],"info":{"face":"Roboto","size":45,"bold":0,"italic":0,"charset":[" ","A","B","C","D","E","F","G","H","I","J","K","L","M","N","O","P","Q","R","S","T","U","V","W","X","Y","Z","a","b","c","d","e","f","g","h","i","j","k","l","m","n","o","p","q","r","s","t","u","v","w","x","y","z",1,2,3,4,5,6,7,8,9,0,"!","`","?","'",".",",",";",":","(",")","[","]","{","}","<",">","|","/","@","^","$","-","%","+","=","#","_","&","~","*"],"unicode":1,"stretchH":100,"smooth":1,"aa":1,"padding":[0,0,0,0],"spacing":[2,2]},"common":{"lineHeight":47.2,"base":38.8,"scaleW":512,"scaleH":256,"pages":1,"packed":0,"alphaChnl":0,"redChnl":0,"greenChnl":0,"blueChnl":0},"kernings":[{"first":32,"second":84,"amount":-0.9},{"first":65,"second":67,"amount":-0.2},{"first":65,"second":71,"amount":-0.2},{"first":65,"second":79,"amount":-0.2},{"first":65,"second":81,"amount":-0.2},{"first":65,"second":84,"amount":-2.8},{"first":65,"second":85,"amount":-0.4},{"first":65,"second":86,"amount":-1.9},{"first":65,"second":87,"amount":-1.5},{"first":65,"second":89,"amount":-2.1},{"first":65,"second":111,"amount":-0.3},{"first":65,"second":117,"amount":-0.2},{"first":65,"second":118,"amount":-1.1},{"first":65,"second":121,"amount":-1.1},{"first":65,"second":122,"amount":0.3},{"first":65,"second":39,"amount":-2.6},{"first":66,"second":84,"amount":-0.6},{"first":66,"second":86,"amount":-0.5},{"first":66,"second":89,"amount":-1.2},{"first":67,"second":84,"amount":-0.6},{"first":68,"second":65,"amount":-0.5},{"first":68,"second":84,"amount":-0.6},{"first":68,"second":86,"amount":-0.5},{"first":68,"second":88,"amount":-0.5},{"first":68,"second":89,"amount":-0.9},{"first":68,"second":90,"amount":-0.5},{"first":68,"second":46,"amount":-2.2},{"first":68,"second":44,"amount":-2.2},{"first":69,"second":84,"amount":0.4},{"first":69,"second":99,"amount":-0.4},{"first":69,"second":100,"amount":-0.4},{"first":69,"second":101,"amount":-0.4},{"first":69,"second":103,"amount":-0.4},{"first":69,"second":111,"amount":-0.4},{"first":69,"second":113,"amount":-0.4},{"first":69,"second":117,"amount":-0.4},{"first":69,"second":118,"amount":-0.6},{"first":69,"second":121,"amount":-0.6},{"first":70,"second":65,"amount":-3.7},{"first":70,"second":74,"amount":-5.8},{"first":70,"second":84,"amount":0.4},{"first":70,"second":97,"amount":-0.7},{"first":70,"second":99,"amount":-0.5},{"first":70,"second":100,"amount":-0.5},{"first":70,"second":101,"amount":-0.5},{"first":70,"second":103,"amount":-0.5},{"first":70,"second":111,"amount":-0.5},{"first":70,"second":113,"amount":-0.5},{"first":70,"second":114,"amount":-0.6},{"first":70,"second":117,"amount":-0.5},{"first":70,"second":118,"amount":-0.5},{"first":70,"second":121,"amount":-0.5},{"first":70,"second":46,"amount":-5.1},{"first":70,"second":44,"amount":-5.1},{"first":72,"second":65,"amount":0.4},{"first":72,"second":84,"amount":-0.6},{"first":72,"second":88,"amount":0.4},{"first":72,"second":89,"amount":-0.6},{"first":73,"second":65,"amount":0.4},{"first":73,"second":84,"amount":-0.6},{"first":73,"second":88,"amount":0.4},{"first":73,"second":89,"amount":-0.6},{"first":74,"second":65,"amount":-0.5},{"first":75,"second":67,"amount":-0.7},{"first":75,"second":71,"amount":-0.7},{"first":75,"second":79,"amount":-0.7},{"first":75,"second":81,"amount":-0.7},{"first":75,"second":99,"amount":-0.6},{"first":75,"second":100,"amount":-0.6},{"first":75,"second":101,"amount":-0.6},{"first":75,"second":103,"amount":-0.6},{"first":75,"second":109,"amount":-0.5},{"first":75,"second":110,"amount":-0.5},{"first":75,"second":111,"amount":-0.6},{"first":75,"second":112,"amount":-0.5},{"first":75,"second":113,"amount":-0.6},{"first":75,"second":117,"amount":-0.5},{"first":75,"second":118,"amount":-0.9},{"first":75,"second":121,"amount":-0.9},{"first":75,"second":45,"amount":-1.4},{"first":76,"second":65,"amount":0.4},{"first":76,"second":67,"amount":-1.4},{"first":76,"second":71,"amount":-1.4},{"first":76,"second":79,"amount":-1.4},{"first":76,"second":81,"amount":-1.4},{"first":76,"second":84,"amount":-6},{"first":76,"second":85,"amount":-1.2},{"first":76,"second":86,"amount":-3.8},{"first":76,"second":87,"amount":-3.1},{"first":76,"second":89,"amount":-5.3},{"first":76,"second":117,"amount":-1},{"first":76,"second":118,"amount":-2.9},{"first":76,"second":121,"amount":-2.9},{"first":76,"second":39,"amount":-7.4},{"first":77,"second":65,"amount":0.4},{"first":77,"second":84,"amount":-0.6},{"first":77,"second":88,"amount":0.4},{"first":77,"second":89,"amount":-0.6},{"first":78,"second":65,"amount":0.4},{"first":78,"second":84,"amount":-0.6},{"first":78,"second":88,"amount":0.4},{"first":78,"second":89,"amount":-0.6},{"first":79,"second":65,"amount":-0.5},{"first":79,"second":84,"amount":-0.6},{"first":79,"second":86,"amount":-0.5},{"first":79,"second":88,"amount":-0.5},{"first":79,"second":89,"amount":-0.9},{"first":79,"second":90,"amount":-0.5},{"first":79,"second":46,"amount":-2.2},{"first":79,"second":44,"amount":-2.2},{"first":80,"second":65,"amount":-3},{"first":80,"second":74,"amount":-4.4},{"first":80,"second":88,"amount":-0.7},{"first":80,"second":90,"amount":-0.6},{"first":80,"second":97,"amount":-0.2},{"first":80,"second":99,"amount":-0.3},{"first":80,"second":100,"amount":-0.3},{"first":80,"second":101,"amount":-0.3},{"first":80,"second":103,"amount":-0.3},{"first":80,"second":111,"amount":-0.3},{"first":80,"second":113,"amount":-0.3},{"first":80,"second":118,"amount":0.3},{"first":80,"second":121,"amount":0.3},{"first":80,"second":46,"amount":-7.1},{"first":80,"second":44,"amount":-7.1},{"first":81,"second":84,"amount":-0.9},{"first":81,"second":86,"amount":-0.6},{"first":81,"second":87,"amount":-0.4},{"first":81,"second":89,"amount":-0.8},{"first":82,"second":84,"amount":-1.8},{"first":82,"second":86,"amount":-0.4},{"first":82,"second":89,"amount":-1.1},{"first":84,"second":65,"amount":-1.7},{"first":84,"second":67,"amount":-0.6},{"first":84,"second":71,"amount":-0.6},{"first":84,"second":74,"amount":-5.3},{"first":84,"second":79,"amount":-0.6},{"first":84,"second":81,"amount":-0.6},{"first":84,"second":83,"amount":-0.4},{"first":84,"second":84,"amount":0.4},{"first":84,"second":86,"amount":0.4},{"first":84,"second":87,"amount":0.3},{"first":84,"second":89,"amount":0.4},{"first":84,"second":97,"amount":-2.5},{"first":84,"second":99,"amount":-2.2},{"first":84,"second":100,"amount":-2.2},{"first":84,"second":101,"amount":-2.2},{"first":84,"second":103,"amount":-2.2},{"first":84,"second":109,"amount":-2.4},{"first":84,"second":110,"amount":-2.4},{"first":84,"second":111,"amount":-2.2},{"first":84,"second":112,"amount":-2.4},{"first":84,"second":113,"amount":-2.2},{"first":84,"second":115,"amount":-2.5},{"first":84,"second":117,"amount":-2.1},{"first":84,"second":118,"amount":-1.6},{"first":84,"second":120,"amount":-1.7},{"first":84,"second":121,"amount":-1.6},{"first":84,"second":122,"amount":-1.3},{"first":84,"second":46,"amount":-4.8},{"first":84,"second":44,"amount":-4.8},{"first":84,"second":45,"amount":-5.1},{"first":85,"second":65,"amount":-0.5},{"first":86,"second":65,"amount":-1.6},{"first":86,"second":67,"amount":-0.3},{"first":86,"second":71,"amount":-0.3},{"first":86,"second":79,"amount":-0.3},{"first":86,"second":81,"amount":-0.3},{"first":86,"second":97,"amount":-1},{"first":86,"second":99,"amount":-1},{"first":86,"second":100,"amount":-1},{"first":86,"second":101,"amount":-1},{"first":86,"second":103,"amount":-1},{"first":86,"second":111,"amount":-1},{"first":86,"second":113,"amount":-1},{"first":86,"second":117,"amount":-0.6},{"first":86,"second":118,"amount":-0.2},{"first":86,"second":121,"amount":-0.2},{"first":86,"second":46,"amount":-4.9},{"first":86,"second":44,"amount":-4.9},{"first":86,"second":45,"amount":-0.8},{"first":87,"second":65,"amount":-0.9},{"first":87,"second":84,"amount":0.3},{"first":87,"second":97,"amount":-0.7},{"first":87,"second":99,"amount":-0.7},{"first":87,"second":100,"amount":-0.7},{"first":87,"second":101,"amount":-0.7},{"first":87,"second":103,"amount":-0.7},{"first":87,"second":111,"amount":-0.7},{"first":87,"second":113,"amount":-0.7},{"first":87,"second":117,"amount":-0.4},{"first":87,"second":46,"amount":-2.7},{"first":87,"second":44,"amount":-2.7},{"first":87,"second":45,"amount":-1.3},{"first":88,"second":67,"amount":-0.5},{"first":88,"second":71,"amount":-0.5},{"first":88,"second":79,"amount":-0.5},{"first":88,"second":81,"amount":-0.5},{"first":88,"second":86,"amount":0.3},{"first":88,"second":99,"amount":-0.6},{"first":88,"second":100,"amount":-0.6},{"first":88,"second":101,"amount":-0.6},{"first":88,"second":103,"amount":-0.6},{"first":88,"second":111,"amount":-0.5},{"first":88,"second":113,"amount":-0.6},{"first":88,"second":117,"amount":-0.5},{"first":88,"second":118,"amount":-0.7},{"first":88,"second":121,"amount":-0.7},{"first":88,"second":45,"amount":-1},{"first":89,"second":65,"amount":-2.1},{"first":89,"second":67,"amount":-0.6},{"first":89,"second":71,"amount":-0.6},{"first":89,"second":74,"amount":-2.1},{"first":89,"second":79,"amount":-0.6},{"first":89,"second":81,"amount":-0.6},{"first":89,"second":83,"amount":-0.4},{"first":89,"second":84,"amount":0.4},{"first":89,"second":85,"amount":-2.1},{"first":89,"second":86,"amount":0.4},{"first":89,"second":87,"amount":0.4},{"first":89,"second":88,"amount":0.3},{"first":89,"second":89,"amount":0.4},{"first":89,"second":97,"amount":-1.6},{"first":89,"second":99,"amount":-1.4},{"first":89,"second":100,"amount":-1.4},{"first":89,"second":101,"amount":-1.4},{"first":89,"second":103,"amount":-1.4},{"first":89,"second":109,"amount":-0.9},{"first":89,"second":110,"amount":-0.9},{"first":89,"second":111,"amount":-1.4},{"first":89,"second":112,"amount":-0.9},{"first":89,"second":113,"amount":-1.4},{"first":89,"second":115,"amount":-1.3},{"first":89,"second":117,"amount":-0.9},{"first":89,"second":118,"amount":-0.4},{"first":89,"second":120,"amount":-0.5},{"first":89,"second":121,"amount":-0.4},{"first":89,"second":122,"amount":-0.7},{"first":89,"second":46,"amount":-4.6},{"first":89,"second":44,"amount":-4.6},{"first":89,"second":45,"amount":-1.1},{"first":90,"second":65,"amount":0.3},{"first":90,"second":67,"amount":-0.6},{"first":90,"second":71,"amount":-0.6},{"first":90,"second":79,"amount":-0.6},{"first":90,"second":81,"amount":-0.6},{"first":90,"second":99,"amount":-0.5},{"first":90,"second":100,"amount":-0.5},{"first":90,"second":101,"amount":-0.5},{"first":90,"second":103,"amount":-0.5},{"first":90,"second":111,"amount":-0.5},{"first":90,"second":113,"amount":-0.5},{"first":90,"second":117,"amount":-0.4},{"first":90,"second":118,"amount":-0.6},{"first":90,"second":121,"amount":-0.6},{"first":97,"second":118,"amount":-0.3},{"first":97,"second":121,"amount":-0.3},{"first":97,"second":39,"amount":-1.5},{"first":98,"second":118,"amount":-0.2},{"first":98,"second":120,"amount":-0.3},{"first":98,"second":121,"amount":-0.2},{"first":98,"second":122,"amount":-0.3},{"first":98,"second":39,"amount":-0.6},{"first":99,"second":39,"amount":-0.2},{"first":101,"second":118,"amount":-0.3},{"first":101,"second":121,"amount":-0.3},{"first":101,"second":39,"amount":-0.3},{"first":102,"second":99,"amount":-0.5},{"first":102,"second":100,"amount":-0.5},{"first":102,"second":101,"amount":-0.5},{"first":102,"second":103,"amount":-0.5},{"first":102,"second":113,"amount":-0.5},{"first":102,"second":39,"amount":0.4},{"first":102,"second":41,"amount":0.4},{"first":102,"second":93,"amount":0.4},{"first":102,"second":125,"amount":0.4},{"first":104,"second":39,"amount":-2.3},{"first":107,"second":99,"amount":-0.4},{"first":107,"second":100,"amount":-0.4},{"first":107,"second":101,"amount":-0.4},{"first":107,"second":103,"amount":-0.4},{"first":107,"second":113,"amount":-0.4},{"first":109,"second":39,"amount":-2.3},{"first":110,"second":39,"amount":-2.3},{"first":111,"second":118,"amount":-0.3},{"first":111,"second":120,"amount":-0.5},{"first":111,"second":121,"amount":-0.3},{"first":111,"second":122,"amount":-0.4},{"first":111,"second":39,"amount":-3},{"first":112,"second":118,"amount":-0.2},{"first":112,"second":120,"amount":-0.3},{"first":112,"second":121,"amount":-0.2},{"first":112,"second":122,"amount":-0.3},{"first":112,"second":39,"amount":-0.6},{"first":114,"second":97,"amount":-0.9},{"first":114,"second":99,"amount":-0.4},{"first":114,"second":100,"amount":-0.4},{"first":114,"second":101,"amount":-0.4},{"first":114,"second":103,"amount":-0.4},{"first":114,"second":111,"amount":-0.4},{"first":114,"second":113,"amount":-0.4},{"first":114,"second":118,"amount":0.4},{"first":114,"second":121,"amount":0.4},{"first":114,"second":39,"amount":0.4},{"first":114,"second":46,"amount":-2.7},{"first":114,"second":44,"amount":-2.7},{"first":116,"second":111,"amount":-0.4},{"first":118,"second":97,"amount":-0.3},{"first":118,"second":99,"amount":-0.3},{"first":118,"second":100,"amount":-0.3},{"first":118,"second":101,"amount":-0.3},{"first":118,"second":103,"amount":-0.3},{"first":118,"second":111,"amount":-0.3},{"first":118,"second":113,"amount":-0.3},{"first":118,"second":39,"amount":0.3},{"first":118,"second":46,"amount":-2.4},{"first":118,"second":44,"amount":-2.4},{"first":119,"second":46,"amount":-2.7},{"first":119,"second":44,"amount":-2.7},{"first":120,"second":99,"amount":-0.4},{"first":120,"second":100,"amount":-0.4},{"first":120,"second":101,"amount":-0.4},{"first":120,"second":103,"amount":-0.4},{"first":120,"second":111,"amount":-0.4},{"first":120,"second":113,"amount":-0.4},{"first":121,"second":97,"amount":-0.3},{"first":121,"second":99,"amount":-0.3},{"first":121,"second":100,"amount":-0.3},{"first":121,"second":101,"amount":-0.3},{"first":121,"second":103,"amount":-0.3},{"first":121,"second":111,"amount":-0.3},{"first":121,"second":113,"amount":-0.3},{"first":121,"second":39,"amount":0.3},{"first":121,"second":46,"amount":-2.4},{"first":121,"second":44,"amount":-2.4},{"first":122,"second":99,"amount":-0.4},{"first":122,"second":100,"amount":-0.4},{"first":122,"second":101,"amount":-0.4},{"first":122,"second":103,"amount":-0.4},{"first":122,"second":111,"amount":-0.4},{"first":122,"second":113,"amount":-0.4},{"first":39,"second":65,"amount":-2.6},{"first":39,"second":97,"amount":-1.1},{"first":39,"second":99,"amount":-1.3},{"first":39,"second":100,"amount":-1.3},{"first":39,"second":101,"amount":-1.3},{"first":39,"second":103,"amount":-1.3},{"first":39,"second":109,"amount":-0.4},{"first":39,"second":110,"amount":-0.4},{"first":39,"second":111,"amount":-1.3},{"first":39,"second":112,"amount":-0.4},{"first":39,"second":113,"amount":-1.3},{"first":39,"second":115,"amount":-1.8},{"first":39,"second":39,"amount":-2.4},{"first":46,"second":39,"amount":-3.7},{"first":44,"second":39,"amount":-3.7},{"first":40,"second":86,"amount":0.4},{"first":40,"second":87,"amount":0.4},{"first":40,"second":89,"amount":0.5},{"first":91,"second":74,"amount":-0.4},{"first":91,"second":85,"amount":-0.4},{"first":123,"second":74,"amount":-0.4},{"first":123,"second":85,"amount":-0.4},{"first":47,"second":47,"amount":-4.9}]}